METHOD;ITEMCOUNT;MEAN (us);P95 (us);GEN 0;GEN 1;GEN 2;ALLOCATED (KB)
SmallWcfText;0;336.5;345.6;8.7891;0;0;28.17
SmallWcfWebXml;0;371;377.6;10.2539;0;0;31.66
SmallWcfWebJson;0;380.2;401.3;10.2539;0;0;33.07
SmallWcfBinary;0;344.4;351.6;8.7891;0;0;27.65
SmallWcfNetTcp;0;108.7;110.5;1.4648;0;0;4.62
SmallWcfMsgPackCli;0;368.4;375.4;10.2539;0;0;32.02
SmallWebApiJsonNetHttpClient;0;864.3;934.3;26.3672;11.7188;0;85.28
SmallWebApiJsonNetHttpClientAsync;0;906.8;941;25.3906;9.7656;0;85.1
SmallWebApiJsonNetHttpWebRequest;0;361.6;368.2;19.043;6.8359;0;69.87
SmallWebApiMessagePackHttpClient;0;775.5;884.3;17.5781;5.8594;0;61.4
SmallWebApiMessagePackHttpClientAsync;0;855.8;900.9;16.6016;5.8594;0;64.05
SmallWebApiMessagePackHttpWebRequest;0;450.4;476.3;14.6484;5.3711;0;52.47
SmallWebApiMsgPackCliHttpClient;0;1079.8;1105.8;83.9844;11.7188;0;264.17
SmallWebApiMsgPackCliHttpClientAsync;0;1119.8;1144.6;85.9375;9.7656;0;267.14
SmallWebApiMsgPackCliHttpWebRequest;0;543.8;555.6;60.0586;11.2305;0;186.32
SmallWebApiXmlHttpClient;0;942.7;957.5;29.2969;11.7188;0;104.33
SmallWebApiXmlHttpClientAsync;0;951;958.3;29.2969;11.7188;0;103.51
SmallWebApiXmlHttpWebRequest;0;518.6;525.3;29.2969;13.1836;0;93.74
SmallWebApiUtf8JsonHttpClient;0;831.9;883.6;16.6016;6.8359;0;60.96
SmallWebApiUtf8JsonHttpClientAsync;0;815.5;902.7;18.5547;6.8359;0;64.02
SmallWebApiUtf8JsonHttpWebRequest;0;463.1;480.3;14.1602;5.3711;0;52.3
SmallWebApiZeroFormatterHttpClient;0;975.3;1033.9;68.3594;7.8125;0;225.09
SmallWebApiZeroFormatterHttpClientAsync;0;1035.9;1070.8;72.2656;7.8125;0;226.42
SmallWebApiZeroFormatterHttpWebRequest;0;505.1;523;38.5742;10.2539;0;128.45
SmallAspNetCoreJsonNetHttpClient;0;547.4;618.6;17.5781;0;0;55.33
SmallAspNetCoreJsonNetHttpClientAsync;0;779.5;862;17.5781;0;0;55.4
SmallAspNetCoreJsonNetHttpWebRequest;0;421.9;443.5;14.1602;0;0;43.97
SmallAspNetCoreMessagePackHttpClient;0;508.3;547.3;11.7188;0;0;38.97
SmallAspNetCoreMessagePackHttpClientAsync;0;520.3;562.6;13.6719;0;0;42.88
SmallAspNetCoreMessagePackHttpWebRequest;0;344;358;8.7891;0;0;28.42
SmallAspNetCoreMsgPackCliHttpClient;0;797.8;887.2;76.1719;1.9531;0;239.6
SmallAspNetCoreMsgPackCliHttpClientAsync;0;863.8;1022.6;78.125;0.9766;0;244.78
SmallAspNetCoreMsgPackCliHttpWebRequest;0;474.4;484.4;52.2461;0.4883;0;163.6
SmallAspNetCoreXmlHttpClient;0;742.2;853.3;29.2969;0;0;90.66
SmallAspNetCoreXmlHttpClientAsync;0;813.4;927.5;29.2969;0;0;90.54
SmallAspNetCoreXmlHttpWebRequest;0;460.9;465.6;26.3672;0;0;82.56
SmallAspNetCoreUtf8JsonHttpClient;0;552.5;638.9;11.7188;0;0;36.19
SmallAspNetCoreUtf8JsonHttpClientAsync;0;606.8;719.9;12.6953;0;0;39.32
SmallAspNetCoreUtf8JsonHttpWebRequest;0;431.3;443.7;7.3242;0;0;23.53
SmallAspNetCoreZeroFormatterHttpClient;0;552.2;579.3;38.0859;0;0;121.4
SmallAspNetCoreZeroFormatterHttpClientAsync;0;550.5;592.1;38.0859;0;0;121.29
SmallAspNetCoreZeroFormatterHttpWebRequest;0;397.5;408.5;8.7891;0;0;27.08
LargeWcfText;0;337.7;345;8.7891;0;0;28.08
LargeWcfWebXml;0;365.2;374.5;10.2539;0;0;31.65
LargeWcfWebJson;0;376.6;384.3;10.7422;0;0;33.03
LargeWcfBinary;0;352.9;360.6;8.7891;0;0;27.68
LargeWcfNetTcp;0;109.9;111.9;1.4648;0;0;4.63
LargeWcfMsgPackCli;0;374.4;384.5;10.2539;0;0;32.02
LargeWebApiJsonNetHttpClient;0;880.4;919.6;25.3906;11.7188;0;85.29
LargeWebApiJsonNetHttpClientAsync;0;915.1;939.4;25.3906;9.7656;0;85.33
LargeWebApiJsonNetHttpWebRequest;0;469.3;492.4;19.043;6.3477;0;70.05
LargeWebApiMessagePackHttpClient;0;815.6;902.9;16.6016;5.8594;0;61.22
LargeWebApiMessagePackHttpClientAsync;0;855.1;907.5;18.5547;6.8359;0;64.4
LargeWebApiMessagePackHttpWebRequest;0;446.9;464;14.1602;5.3711;0;52.24
LargeWebApiMsgPackCliHttpClient;0;1121.9;1156.2;83.9844;9.7656;0;264.61
LargeWebApiMsgPackCliHttpClientAsync;0;1128.2;1163;85.9375;9.7656;0;267.55
LargeWebApiMsgPackCliHttpWebRequest;0;589.9;604.7;60.0586;11.2305;0;186.38
LargeWebApiXmlHttpClient;0;1007.8;1041.8;29.2969;9.7656;0;109.99
LargeWebApiXmlHttpClientAsync;0;992.7;1032.8;29.2969;9.7656;0;109.03
LargeWebApiXmlHttpWebRequest;0;445.5;455.5;30.2734;13.6719;0;97.01
LargeWebApiUtf8JsonHttpClientAsync;0;862.8;909.7;18.5547;6.8359;0;63.89
LargeWebApiUtf8JsonHttpWebRequest;0;345.4;372.6;12.207;3.418;0;46.63
LargeWebApiZeroFormatterHttpClient;0;1035.9;1074.2;72.2656;7.8125;0;225.52
LargeWebApiZeroFormatterHttpClientAsync;0;1061;1093.3;72.2656;7.8125;0;226.44
LargeWebApiZeroFormatterHttpWebRequest;0;471.1;498.4;38.0859;10.7422;0;128.25
LargeAspNetCoreJsonNetHttpClient;0;635.3;728.3;17.5781;0;0;54.47
LargeAspNetCoreJsonNetHttpClientAsync;0;729.3;861.8;17.5781;0;0;55.96
LargeAspNetCoreJsonNetHttpWebRequest;0;429.4;445.8;14.1602;0;0;43.87
LargeAspNetCoreMessagePackHttpClient;0;515;560.5;12.6953;0;0;39.26
LargeAspNetCoreMessagePackHttpClientAsync;0;521.9;556.4;13.6719;0;0;42.85
LargeAspNetCoreMessagePackHttpWebRequest;0;388;400.9;8.7891;0;0;28.29
LargeAspNetCoreMsgPackCliHttpClient;0;831.8;934.1;77.1484;4.8828;0;241.45
LargeAspNetCoreMsgPackCliHttpClientAsync;0;956.7;1032.6;78.125;1.9531;0;245.13
LargeAspNetCoreMsgPackCliHttpWebRequest;0;501.2;541.4;51.7578;0;0;163.45
LargeAspNetCoreXmlHttpClient;0;749.9;865.8;30.2734;0;0;95.37
LargeAspNetCoreXmlHttpClientAsync;0;935.4;970.6;30.2734;0;0;94.09
LargeAspNetCoreXmlHttpWebRequest;0;509.8;527.5;27.3438;0;0;86.38
LargeAspNetCoreUtf8JsonHttpClient;0;562.7;650.9;11.7188;0;0;36.19
LargeAspNetCoreUtf8JsonHttpClientAsync;0;684.5;770.1;12.6953;0;0;39.13
LargeAspNetCoreUtf8JsonHttpWebRequest;0;412.5;419.6;7.3242;0;0;23.54
LargeAspNetCoreZeroFormatterHttpClient;0;571.5;615.6;38.0859;0;0;121.21
LargeAspNetCoreZeroFormatterHttpClientAsync;0;584.2;637;38.0859;0;0;120.87
LargeAspNetCoreZeroFormatterHttpWebRequest;0;359.7;389;8.7891;0;0;27.12
SmallWcfText;10;405.3;413.9;10.7422;0;0;33.33
SmallWcfWebXml;10;415.1;423.3;11.7188;0;0;36.86
SmallWcfWebJson;10;557.9;609.4;11.7188;0;0;38.75
SmallWcfBinary;10;400.8;408.5;10.2539;0;0;32.46
SmallWcfNetTcp;10;157.5;161.4;3.1738;0;0;9.92
SmallWcfMsgPackCli;10;952.3;1043;150.3906;7.8125;0;472.75
SmallWebApiJsonNetHttpClient;10;1020.6;1074.3;27.3438;7.8125;0;98.38
SmallWebApiJsonNetHttpClientAsync;10;1000.9;1045.6;27.3438;9.7656;0;98.99
SmallWebApiJsonNetHttpWebRequest;10;427.8;435.6;25.8789;11.2305;0;82.71
SmallWebApiMessagePackHttpClient;10;908.3;940.8;19.5313;6.8359;0;67.41
SmallWebApiMessagePackHttpClientAsync;10;917.1;941.3;21.4844;7.8125;0;70.4
SmallWebApiMessagePackHttpWebRequest;10;499.2;513.9;16.1133;5.8594;0;58.45
SmallWebApiMsgPackCliHttpClient;10;1235.5;1265;93.75;11.7188;0;294.39
SmallWebApiMsgPackCliHttpClientAsync;10;1216.5;1234.6;93.75;11.7188;0;294.71
SmallWebApiMsgPackCliHttpWebRequest;10;573.8;603.8;57.6172;10.7422;0;199.3
SmallWebApiXmlHttpClient;10;1065.3;1107.6;35.1563;5.8594;0;123.97
SmallWebApiXmlHttpClientAsync;10;1048.5;1087.9;37.1094;9.7656;0;125.52
SmallWebApiXmlHttpWebRequest;10;526.8;559.1;30.2734;10.7422;0;107.18
SmallWebApiUtf8JsonHttpClient;10;956;1007.4;17.5781;3.9063;0;67.12
SmallWebApiUtf8JsonHttpClientAsync;10;990.9;1026.6;17.5781;5.8594;0;70.05
SmallWebApiUtf8JsonHttpWebRequest;10;493.1;513.4;16.1133;6.8359;0;58.25
SmallWebApiZeroFormatterHttpClient;10;1078.4;1126.8;72.2656;5.8594;0;240.91
SmallWebApiZeroFormatterHttpClientAsync;10;1090.9;1134.9;74.2188;9.7656;0;236.5
SmallWebApiZeroFormatterHttpWebRequest;10;582.3;601;43.9453;12.6953;0;140.3
SmallAspNetCoreJsonNetHttpClient;10;880.8;945.4;21.4844;0;0;68
SmallAspNetCoreJsonNetHttpClientAsync;10;911.8;952.9;22.4609;0;0;69.49
SmallAspNetCoreJsonNetHttpWebRequest;10;475.1;490;18.0664;0;0;55.92
SmallAspNetCoreMessagePackHttpClient;10;630.9;709.1;13.6719;0;0;44.07
SmallAspNetCoreMessagePackHttpClientAsync;10;637.5;758.3;14.6484;0;0;46.57
SmallAspNetCoreMessagePackHttpWebRequest;10;390.9;417.5;10.2539;0;0;32.97
SmallAspNetCoreMsgPackCliHttpClient;10;1151;1183.6;85.9375;0;0;266.94
SmallAspNetCoreMsgPackCliHttpClientAsync;10;1151.1;1189.9;85.9375;1.9531;0;268.67
SmallAspNetCoreMsgPackCliHttpWebRequest;10;563.8;581.4;58.1055;0.4883;0;182.12
SmallAspNetCoreXmlHttpClient;10;1034.2;1073.7;35.1563;0;0;110.05
SmallAspNetCoreXmlHttpClientAsync;10;1057.3;1085.7;33.2031;0;0;107.46
SmallAspNetCoreXmlHttpWebRequest;10;581.2;609.5;31.25;0;0;97.05
SmallAspNetCoreUtf8JsonHttpClient;10;770.1;850.2;12.6953;0;0;41.85
SmallAspNetCoreUtf8JsonHttpClientAsync;10;813.2;898.3;13.6719;0;0;43.68
SmallAspNetCoreUtf8JsonHttpWebRequest;10;496.5;512.9;8.7891;0;0;28.22
SmallAspNetCoreZeroFormatterHttpClient;10;681.4;769.1;43.9453;0;0;136.96
SmallAspNetCoreZeroFormatterHttpClientAsync;10;738.7;897.4;41.9922;0;0;132.09
SmallAspNetCoreZeroFormatterHttpWebRequest;10;375.9;394.6;11.7188;0;0;37.27
LargeWcfText;10;1416.8;1485.2;35.1563;7.8125;0;123.75
LargeWcfWebXml;10;1465.3;1532.9;35.1563;7.8125;0;127.42
LargeWcfWebJson;10;1704.8;1789.9;42.9688;9.7656;0;143.51
LargeWcfBinary;10;948.7;1024.2;35.1563;7.8125;0;112.34
LargeWcfNetTcp;10;745.7;775.9;29.2969;0;0;90.79
LargeWcfMsgPackCli;10;2952.6;3020.3;316.4063;78.125;0;1047.96
LargeWebApiJsonNetHttpClient;10;2357.2;2422.9;105.4688;15.625;0;352.19
LargeWebApiJsonNetHttpClientAsync;10;2250.2;2350.5;105.4688;19.5313;0;352.43
LargeWebApiJsonNetHttpWebRequest;10;1906.3;1922.9;87.8906;11.7188;0;300.53
LargeWebApiMessagePackHttpClient;10;1900.1;1928.1;74.2188;11.7188;0;256.83
LargeWebApiMessagePackHttpClientAsync;10;1899.3;1918.7;76.1719;13.6719;0;257.94
LargeWebApiMessagePackHttpWebRequest;10;1033.2;1156.7;64.4531;11.7188;0;228.96
LargeWebApiMsgPackCliHttpClient;10;3950.6;4195.4;343.75;101.5625;0;1107.1
LargeWebApiMsgPackCliHttpClientAsync;10;4116.9;4250.3;351.5625;101.5625;0;1109.45
LargeWebApiMsgPackCliHttpWebRequest;10;3015.2;3107.9;261.7188;42.9688;0;850.72
LargeWebApiXmlHttpClient;10;2493.4;2552.4;132.8125;19.5313;0;421.41
LargeWebApiXmlHttpClientAsync;10;2480.1;2564.5;117.1875;23.4375;0;419.88
LargeWebApiXmlHttpWebRequest;10;1800.1;1889.4;101.5625;15.625;0;352.29
LargeWebApiUtf8JsonHttpClientAsync;10;2038.8;2092.5;78.125;15.625;0;274.06
LargeWebApiUtf8JsonHttpWebRequest;10;1255.3;1291;68.3594;11.7188;0;235.99
LargeWebApiZeroFormatterHttpClient;10;2240.9;2296.1;179.6875;23.4375;0;556.4
LargeWebApiZeroFormatterHttpClientAsync;10;2231.9;2296.6;167.9688;31.25;0;551.97
LargeWebApiZeroFormatterHttpWebRequest;10;1086.4;1153.7;140.625;19.5313;0;453.42
LargeAspNetCoreJsonNetHttpClient;10;2379.7;2444.7;101.5625;0;0;319.88
LargeAspNetCoreJsonNetHttpClientAsync;10;2276.5;2367.5;97.6563;7.8125;0;314.11
LargeAspNetCoreJsonNetHttpWebRequest;10;1850.3;1906.1;80.0781;1.9531;0;248.12
LargeAspNetCoreMessagePackHttpClient;10;1918.2;1968.2;72.2656;0;0;226.34
LargeAspNetCoreMessagePackHttpClientAsync;10;1887.3;1928.9;72.2656;3.9063;0;225.47
LargeAspNetCoreMessagePackHttpWebRequest;10;1004.9;1092.8;54.6875;0;0;170.9
LargeAspNetCoreMsgPackCliHttpClient;10;3863.2;4074.2;328.125;39.0625;0;1079.12
LargeAspNetCoreMsgPackCliHttpClientAsync;10;3884.9;4069.2;320.3125;62.5;0;1076.46
LargeAspNetCoreMsgPackCliHttpWebRequest;10;2934.6;3032.9;261.7188;0;0;810.53
LargeAspNetCoreXmlHttpClient;10;2441.5;2564.4;121.0938;15.625;0;390.76
LargeAspNetCoreXmlHttpClientAsync;10;2309.3;2418.6;117.1875;15.625;0;387.58
LargeAspNetCoreXmlHttpWebRequest;10;1832.4;1883.3;87.8906;1.9531;0;275.59
LargeAspNetCoreUtf8JsonHttpClient;10;2094.2;2132.6;74.2188;0;0;232.16
LargeAspNetCoreUtf8JsonHttpClientAsync;10;2001.8;2040.2;74.2188;0;0;228.23
LargeAspNetCoreUtf8JsonHttpWebRequest;10;1395.6;1437.7;54.6875;0;0;172.95
LargeAspNetCoreZeroFormatterHttpClient;10;2051.5;2088.9;136.7188;3.9063;0;422.55
LargeAspNetCoreZeroFormatterHttpClientAsync;10;2042.6;2085;132.8125;3.9063;0;419.67
LargeAspNetCoreZeroFormatterHttpWebRequest;10;1037.5;1129.9;103.5156;3.9063;0;325.47
SmallWcfText;100;942.8;1056;27.3438;0;0;89.15
SmallWcfWebXml;100;912.8;1011.6;30.2734;0;0;93.31
SmallWcfWebJson;100;1159.4;1255.2;29.2969;0;0;92.44
SmallWcfBinary;100;815.3;893.2;27.3438;0;0;86.43
SmallWcfNetTcp;100;540.2;592;18.5547;0;0;59.29
SmallWcfMsgPackCli;100;1335.9;1456.1;183.5938;27.3438;0;608.38
SmallWebApiJsonNetHttpClient;100;2083.6;2130.4;70.3125;7.8125;0;242.81
SmallWebApiJsonNetHttpClientAsync;100;1984.6;2042.8;70.3125;7.8125;0;243.21
SmallWebApiJsonNetHttpWebRequest;100;1171;1260.1;58.5938;9.7656;0;208.64
SmallWebApiMessagePackHttpClient;100;1212;1231.5;37.1094;9.7656;0;133.02
SmallWebApiMessagePackHttpClientAsync;100;1271.2;1424.3;37.1094;5.8594;0;132.95
SmallWebApiMessagePackHttpWebRequest;100;832;880.6;36.1328;10.7422;0;117.93
SmallWebApiMsgPackCliHttpClient;100;2451;2518.3;179.6875;15.625;0;575.5
SmallWebApiMsgPackCliHttpClientAsync;100;2306.5;2411.4;175.7813;19.5313;0;575.75
SmallWebApiMsgPackCliHttpWebRequest;100;1305.6;1341.5;113.2813;13.6719;0;386.04
SmallWebApiXmlHttpClient;100;2150.5;2200.4;74.2188;7.8125;0;269.46
SmallWebApiXmlHttpClientAsync;100;1998.5;2096.1;74.2188;7.8125;0;268.94
SmallWebApiXmlHttpWebRequest;100;1279.7;1325.1;68.3594;9.7656;0;242.99
SmallWebApiUtf8JsonHttpClient;100;1582.7;1631.7;39.0625;5.8594;0;140.72
SmallWebApiUtf8JsonHttpClientAsync;100;1652.5;1770.8;39.0625;7.8125;0;141.04
SmallWebApiUtf8JsonHttpWebRequest;100;755.1;792.2;36.1328;10.7422;0;117.63
SmallWebApiZeroFormatterHttpClient;100;1350.9;1422.6;103.5156;11.7188;0;342.53
SmallWebApiZeroFormatterHttpClientAsync;100;1342.6;1396.2;99.6094;11.7188;0;340.31
SmallWebApiZeroFormatterHttpWebRequest;100;683;706.2;72.2656;10.7422;0;245.19
SmallAspNetCoreJsonNetHttpClient;100;2069.1;2128.2;62.5;0;0;200.16
SmallAspNetCoreJsonNetHttpClientAsync;100;1951.7;2002.4;66.4063;0;0;204.71
SmallAspNetCoreJsonNetHttpWebRequest;100;1217.3;1367.3;50.7813;0;0;161.44
SmallAspNetCoreMessagePackHttpClient;100;1065.4;1133.9;29.2969;0;0;93.2
SmallAspNetCoreMessagePackHttpClientAsync;100;1065.1;1169.8;29.2969;0;0;93.98
SmallAspNetCoreMessagePackHttpWebRequest;100;629.9;668.2;24.4141;0;0;76.94
SmallAspNetCoreMsgPackCliHttpClient;100;2346.8;2440.4;171.875;0;0;542.28
SmallAspNetCoreMsgPackCliHttpClientAsync;100;2178.9;2268.5;171.875;0;0;534.97
SmallAspNetCoreMsgPackCliHttpWebRequest;100;1499.3;1571.4;117.1875;1.9531;0;363.42
SmallAspNetCoreXmlHttpClient;100;2121.8;2172.4;74.2188;0;0;230.88
SmallAspNetCoreXmlHttpClientAsync;100;2002.2;2041.1;74.2188;0;0;232.82
SmallAspNetCoreXmlHttpWebRequest;100;1406;1485.5;64.4531;0;0;202.55
SmallAspNetCoreUtf8JsonHttpClient;100;1402.6;1536.1;35.1563;0;0;110.85
SmallAspNetCoreUtf8JsonHttpClientAsync;100;1596.1;1766.4;35.1563;0;0;112.05
SmallAspNetCoreUtf8JsonHttpWebRequest;100;799.6;828.7;24.4141;0;0;76.38
SmallAspNetCoreZeroFormatterHttpClient;100;1116.5;1164.2;72.2656;0;0;225.11
SmallAspNetCoreZeroFormatterHttpClientAsync;100;1158.2;1217.4;70.3125;0;0;223.29
SmallAspNetCoreZeroFormatterHttpWebRequest;100;579;612.3;41.9922;0;0;131.31
LargeWcfText;100;10306.5;10611.5;234.375;125;15.625;1260.97
LargeWcfWebXml;100;10125.9;10441;250;125;15.625;1265.46
LargeWcfWebJson;100;12535.9;12877.7;328.125;171.875;15.625;1415.91
LargeWcfBinary;100;6889.3;7074.8;242.1875;132.8125;15.625;1142.53
LargeWcfNetTcp;100;5469.9;5734.8;117.1875;54.6875;0;707.86
LargeWcfMsgPackCli;100;22791.3;23427.8;1718.75;562.5;0;6327.24
LargeWebApiJsonNetHttpClient;100;17566.7;18302.4;718.75;375;31.25;3107.27
LargeWebApiJsonNetHttpClientAsync;100;17516.1;18712.4;718.75;375;31.25;3104.68
LargeWebApiJsonNetHttpWebRequest;100;14204.2;14858.3;687.5;359.375;15.625;2649.91
LargeWebApiMessagePackHttpClient;100;9292.9;9652.5;562.5;296.875;31.25;2471.18
LargeWebApiMessagePackHttpClientAsync;100;9372.5;9955.7;546.875;281.25;31.25;2468.98
LargeWebApiMessagePackHttpWebRequest;100;7023.7;7238.6;539.0625;281.25;31.25;2334.58
LargeWebApiMsgPackCliHttpClient;100;26691.1;27635.9;2781.25;437.5;0;8971.83
LargeWebApiMsgPackCliHttpClientAsync;100;27301.6;28104.1;2718.75;312.5;0;8964.38
LargeWebApiMsgPackCliHttpWebRequest;100;28510.5;29251.2;2156.25;312.5;0;7012.67
LargeWebApiXmlHttpClient;100;16932.3;17843.6;687.5;343.75;31.25;2923.73
LargeWebApiXmlHttpClientAsync;100;17027.4;17928.7;718.75;375;31.25;2929.49
LargeWebApiXmlHttpWebRequest;100;12461.1;12776.3;703.125;359.375;15.625;2508.79
LargeWebApiUtf8JsonHttpClientAsync;100;13971.3;14304.9;609.375;343.75;78.125;3675.47
LargeWebApiUtf8JsonHttpWebRequest;100;11023.6;11288.5;609.375;359.375;78.125;3482.26
LargeWebApiZeroFormatterHttpClient;100;10964.6;11333.5;765.625;343.75;46.875;3371.39
LargeWebApiZeroFormatterHttpClientAsync;100;11121.3;11440.2;765.625;406.25;46.875;3371.05
LargeWebApiZeroFormatterHttpWebRequest;100;7998.7;8812;734.375;328.125;46.875;3255.86
LargeAspNetCoreJsonNetHttpClient;100;21906.3;22576.2;468.75;250;31.25;3203.19
LargeAspNetCoreJsonNetHttpClientAsync;100;21717.5;22127;531.25;281.25;31.25;3202.07
LargeAspNetCoreJsonNetHttpWebRequest;100;18784.1;19337.5;406.25;187.5;0;2361.35
LargeAspNetCoreMessagePackHttpClient;100;8699.5;9226.8;281.25;156.25;31.25;2289.8
LargeAspNetCoreMessagePackHttpClientAsync;100;8882.4;9442.3;421.875;234.375;31.25;2292.26
LargeAspNetCoreMessagePackHttpWebRequest;100;6347.1;6514.6;273.4375;148.4375;23.4375;1986.16
LargeAspNetCoreMsgPackCliHttpClient;100;25200.5;26195.3;1625;406.25;0;8704.53
LargeAspNetCoreMsgPackCliHttpClientAsync;100;24995.5;25570.6;1593.75;312.5;0;8693.94
LargeAspNetCoreMsgPackCliHttpWebRequest;100;26311.1;27043.4;1218.75;468.75;0;6775.73
LargeAspNetCoreXmlHttpClient;100;25697.8;26587.6;437.5;218.75;31.25;2893.75
LargeAspNetCoreXmlHttpClientAsync;100;25770.5;26730.3;406.25;218.75;31.25;2892.88
LargeAspNetCoreXmlHttpWebRequest;100;20484.6;22693.2;312.5;156.25;0;2105.34
LargeAspNetCoreUtf8JsonHttpClient;100;13273.5;13686.2;375;234.375;78.125;3663.91
LargeAspNetCoreUtf8JsonHttpClientAsync;100;13432;13901.2;359.375;234.375;78.125;3663.88
LargeAspNetCoreUtf8JsonHttpWebRequest;100;9944.2;10382.7;312.5;203.125;62.5;3088.47
LargeAspNetCoreZeroFormatterHttpClient;100;9847.4;10512.3;406.25;218.75;46.875;2909.31
LargeAspNetCoreZeroFormatterHttpClientAsync;100;9890.6;10254.3;421.875;250;46.875;2911.12
LargeAspNetCoreZeroFormatterHttpWebRequest;100;6888.7;7243.7;390.625;210.9375;46.875;2802.42
SmallWcfText;1000;5091.3;5333;203.125;54.6875;0;646.88
SmallWcfWebXml;1000;5170.4;5273.4;195.3125;54.6875;0;648.61
SmallWcfWebJson;1000;6099.8;6294.8;187.5;39.0625;0;619.48
SmallWcfBinary;1000;4486.1;4804.9;187.5;39.0625;0;621.5
SmallWcfNetTcp;1000;4070.6;4243.7;179.6875;39.0625;0;643.88
SmallWcfMsgPackCli;1000;5262.8;5447.1;601.5625;171.875;0;1872.26
SmallWebApiJsonNetHttpClient;1000;8703.8;9127.8;484.375;187.5;0;1544.87
SmallWebApiJsonNetHttpClientAsync;1000;8681.5;9036.5;484.375;187.5;0;1543.54
SmallWebApiJsonNetHttpWebRequest;1000;6954.6;7082.1;445.3125;140.625;0;1403.19
SmallWebApiMessagePackHttpClient;1000;4084.5;4484.5;234.375;62.5;0;770.84
SmallWebApiMessagePackHttpClientAsync;1000;4234.1;4661.6;234.375;101.5625;0;770.07
SmallWebApiMessagePackHttpWebRequest;1000;3052.9;3218.4;218.75;50.7813;0;700.45
SmallWebApiMsgPackCliHttpClient;1000;11586.3;11913.2;1078.125;296.875;0;3395.91
SmallWebApiMsgPackCliHttpClientAsync;1000;11734.6;12014.9;1093.75;296.875;0;3394.1
SmallWebApiMsgPackCliHttpWebRequest;1000;10466.6;10964.3;718.75;234.375;0;2269.57
SmallWebApiXmlHttpClient;1000;8957.6;9437.3;468.75;156.25;0;1649.38
SmallWebApiXmlHttpClientAsync;1000;9080;9525.4;453.125;156.25;0;1647.59
SmallWebApiXmlHttpWebRequest;1000;7764.3;8270.7;421.875;140.625;0;1451.44
SmallWebApiUtf8JsonHttpClient;1000;5008.2;5230.1;250;78.125;0;840.26
SmallWebApiUtf8JsonHttpClientAsync;1000;4981.5;5222.4;273.4375;101.5625;0;842.22
SmallWebApiUtf8JsonHttpWebRequest;1000;3526.5;3561.6;234.375;70.3125;0;761.92
SmallWebApiZeroFormatterHttpClient;1000;4074.3;4389.9;429.6875;210.9375;0;1346.46
SmallWebApiZeroFormatterHttpClientAsync;1000;4039.7;4393.4;421.875;210.9375;0;1342.02
SmallWebApiZeroFormatterHttpWebRequest;1000;2794.2;2919.8;390.625;187.5;0;1240.37
SmallAspNetCoreJsonNetHttpClient;1000;10322.9;10687.6;359.375;109.375;0;1473.25
SmallAspNetCoreJsonNetHttpClientAsync;1000;10401.2;10776.3;375;125;0;1475.8
SmallAspNetCoreJsonNetHttpWebRequest;1000;8998.8;9751.7;375;109.375;0;1235.5
SmallAspNetCoreMessagePackHttpClient;1000;3970.5;4300.8;179.6875;54.6875;0;695.07
SmallAspNetCoreMessagePackHttpClientAsync;1000;3967.7;4317.4;171.875;54.6875;0;695.65
SmallAspNetCoreMessagePackHttpWebRequest;1000;2990.7;3056.3;167.9688;7.8125;0;527.22
SmallAspNetCoreMsgPackCliHttpClient;1000;11072.9;11383.8;968.75;203.125;0;3286.54
SmallAspNetCoreMsgPackCliHttpClientAsync;1000;11269.9;11486.5;953.125;203.125;0;3282.89
SmallAspNetCoreMsgPackCliHttpWebRequest;1000;10055.8;10532.7;671.875;171.875;0;2176.11
SmallAspNetCoreXmlHttpClient;1000;15872.2;16587.9;406.25;62.5;0;1623.8
SmallAspNetCoreXmlHttpClientAsync;1000;16132;16742.2;437.5;31.25;0;1623.78
SmallAspNetCoreXmlHttpWebRequest;1000;12898.5;14694.2;328.125;78.125;0;1218.43
SmallAspNetCoreUtf8JsonHttpClient;1000;4489.3;5041.2;195.3125;62.5;0;745.89
SmallAspNetCoreUtf8JsonHttpClientAsync;1000;4834.4;4987;226.5625;70.3125;0;746.11
SmallAspNetCoreUtf8JsonHttpWebRequest;1000;3584.3;3676;183.5938;7.8125;0;577.3
SmallAspNetCoreZeroFormatterHttpClient;1000;3279.5;3447.7;308.5938;125;0;1122.6
SmallAspNetCoreZeroFormatterHttpClientAsync;1000;3363.8;3592.3;308.5938;136.7188;0;1123.26
SmallAspNetCoreZeroFormatterHttpWebRequest;1000;2542.6;2691.8;203.125;82.0313;0;1019.71
LargeWcfText;1000;113203.8;116349.7;3062.5;1375;625;26257.81
LargeWcfWebXml;1000;113749.8;119653.4;3000;1375;625;26267.92
LargeWcfWebJson;1000;124571.2;126913.4;3562.5;1000;375;19550.39
LargeWcfBinary;1000;75785.2;77798;2625;1062.5;375;16826.8
LargeWcfNetTcp;1000;63496.8;65131.4;1437.5;750;312.5;15259.22
LargeWcfMsgPackCli;1000;226764.2;228210;14312.5;2062.5;812.5;63616.09
LargeWebApiJsonNetHttpClient;1000;146788.7;150342.6;6062.5;1000;312.5;28004.73
LargeWebApiJsonNetHttpClientAsync;1000;148252.3;150701.1;6125;1000;312.5;28005.47
LargeWebApiJsonNetHttpWebRequest;1000;137693.6;140988.9;6187.5;1000;250;24196.63
LargeWebApiMessagePackHttpClient;1000;76918.2;79686.3;5500;1187.5;375;26612.74
LargeWebApiMessagePackHttpClientAsync;1000;79844.3;82522;5500;1187.5;375;26607.16
LargeWebApiMessagePackHttpWebRequest;1000;71342.8;73000.7;5437.5;1187.5;375;25423.91
LargeWebApiMsgPackCliHttpClient;1000;231637.3;233815.8;27187.5;1875;250;87423.5
LargeWebApiMsgPackCliHttpClientAsync;1000;235545;237502.2;26812.5;1750;250;87424.05
LargeWebApiMsgPackCliHttpWebRequest;1000;273161.6;274337.6;21375;1625;250;68248.17
LargeWebApiXmlHttpClient;1000;138851.2;140807.8;6500;1375;500;32739.53
LargeWebApiXmlHttpClientAsync;1000;137728.4;139416.2;6437.5;1250;500;32737.39
LargeWebApiXmlHttpWebRequest;1000;117583.8;119814.8;6312.5;1125;312.5;27616.55
LargeWebApiUtf8JsonHttpClientAsync;1000;108526.5;110023.5;5937.5;1250;625;36588.36
LargeWebApiUtf8JsonHttpWebRequest;1000;99423.4;101303.8;5875;1250;625;34853.14
LargeWebApiZeroFormatterHttpClient;1000;93279.3;95066;6000;1875;625;34568.77
LargeWebApiZeroFormatterHttpClientAsync;1000;93082.5;96336.2;6125;1812.5;625;34556.73
LargeWebApiZeroFormatterHttpWebRequest;1000;83440.5;87326.7;6062.5;1750;625;35920.83
LargeAspNetCoreJsonNetHttpClient;1000;190051.4;193029.4;4375;1187.5;312.5;29453.69
LargeAspNetCoreJsonNetHttpClientAsync;1000;191288.1;194703;4312.5;1000;312.5;29435.33
LargeAspNetCoreJsonNetHttpWebRequest;1000;172396.6;174307.9;4000;750;62.5;22879.07
LargeAspNetCoreMessagePackHttpClient;1000;74707.4;76628.3;2937.5;1062.5;375;24513.18
LargeAspNetCoreMessagePackHttpClientAsync;1000;75239.7;77764.9;3062.5;875;375;24503.66
LargeAspNetCoreMessagePackHttpWebRequest;1000;64765.4;67297.2;2750;1000;312.5;22184.38
LargeAspNetCoreMsgPackCliHttpClient;1000;224174.1;226700.3;16000;1875;500;84368.61
LargeAspNetCoreMsgPackCliHttpClientAsync;1000;226491.1;229350.5;15625;1562.5;250;84367.02
LargeAspNetCoreMsgPackCliHttpWebRequest;1000;259125.8;260689.1;12437.5;1625;250;66232.65
LargeAspNetCoreXmlHttpClient;1000;187939.3;191380.4;4062.5;1062.5;375;29287.81
LargeAspNetCoreXmlHttpClientAsync;1000;186831.9;191377;3750;1000;375;29274.29
LargeAspNetCoreXmlHttpWebRequest;1000;163545;166214.4;3312.5;750;125;21599.57
LargeAspNetCoreUtf8JsonHttpClient;1000;112656.4;114328.7;3750;1500;875;35651.9
LargeAspNetCoreUtf8JsonHttpClientAsync;1000;113442.3;116928;3750;1500;937.5;35638.04
LargeAspNetCoreUtf8JsonHttpWebRequest;1000;91813.6;93977.9;3187.5;1250;625;31173.77
LargeAspNetCoreZeroFormatterHttpClient;1000;89996.3;92385.9;3375;1562.5;625;31020.04
LargeAspNetCoreZeroFormatterHttpClientAsync;1000;89334.9;92773.4;3312.5;1562.5;625;31017.05
LargeAspNetCoreZeroFormatterHttpWebRequest;1000;81701;85651.5;3000;1437.5;500;32338.78
